{"R": 174.4218865390297, "G": 147.53327141956706, "B": 128.4246210797928}